{"cameraMode":{"drawMode":0,"name":"Shaded","section":"Shading Mode"},"sceneLighting":true,"audioPlay":false,"sceneViewState":{"m_AlwaysRefresh":false,"showFog":true,"showSkybox":true,"showFlares":true,"showImageEffects":true,"showParticleSystems":true,"showVisualEffectGraphs":true,"m_FxEnabled":true},"in2DMode":false,"pivot":{"x":3.6238155364990236,"y":-4.837581634521484,"z":-0.056674957275390628},"rotation":{"x":0.0048344433307647709,"y":0.9147399067878723,"z":-0.4039098024368286,"w":0.010965884663164616},"size":17.06339454650879,"orthographic":false}