{"cameraMode":{"drawMode":0,"name":"Shaded","section":"Shading Mode"},"sceneLighting":true,"audioPlay":false,"sceneViewState":{"m_AlwaysRefresh":false,"showFog":true,"showSkybox":true,"showFlares":true,"showImageEffects":true,"showParticleSystems":true,"showVisualEffectGraphs":true,"m_FxEnabled":true},"in2DMode":false,"pivot":{"x":0.2746778726577759,"y":3.3919296264648439,"z":5.293062210083008},"rotation":{"x":-0.32993024587631228,"y":-0.020672816783189775,"z":0.007229896727949381,"w":-0.9437630772590637},"size":7.529228687286377,"orthographic":false}