{"cameraMode":{"drawMode":0,"name":"Shaded","section":"Shading Mode"},"sceneLighting":false,"audioPlay":false,"sceneViewState":{"m_AlwaysRefresh":false,"showFog":true,"showSkybox":false,"showFlares":true,"showImageEffects":true,"showParticleSystems":true,"showVisualEffectGraphs":true,"m_FxEnabled":true},"in2DMode":false,"pivot":{"x":-0.4249229431152344,"y":-0.33573198318481448,"z":0.4834787845611572},"rotation":{"x":0.024272475391626359,"y":-0.6463374495506287,"z":0.02055431716144085,"w":0.7624098062515259},"size":2.4095540046691896,"orthographic":false}