{"cameraMode":{"drawMode":0,"name":"Shaded","section":"Shading Mode"},"sceneLighting":true,"audioPlay":false,"sceneViewState":{"m_AlwaysRefresh":false,"showFog":true,"showSkybox":true,"showFlares":true,"showImageEffects":true,"showParticleSystems":true,"showVisualEffectGraphs":true,"m_FxEnabled":true},"in2DMode":false,"pivot":{"x":-2.7109639644622804,"y":9.261059761047364,"z":-27.451213836669923},"rotation":{"x":-0.054278865456581119,"y":-0.014383559115231038,"z":0.0007904581143520772,"w":-0.9984545111656189},"size":0.008228104561567307,"orthographic":false}