{"cameraMode":{"drawMode":0,"name":"Shaded","section":"Shading Mode"},"sceneLighting":true,"audioPlay":false,"sceneViewState":{"m_AlwaysRefresh":false,"showFog":true,"showSkybox":true,"showFlares":true,"showImageEffects":true,"showParticleSystems":true,"showVisualEffectGraphs":true,"m_FxEnabled":true},"in2DMode":false,"pivot":{"x":-2.1613142490386965,"y":1.8880622386932374,"z":0.8673393726348877},"rotation":{"x":-0.3063184916973114,"y":-0.11755138635635376,"z":0.038149766623973849,"w":-0.943873941898346},"size":4.374924659729004,"orthographic":false}