{"cameraMode":{"drawMode":0,"name":"Shaded","section":"Shading Mode"},"sceneLighting":false,"audioPlay":false,"sceneViewState":{"m_AlwaysRefresh":false,"showFog":true,"showSkybox":false,"showFlares":true,"showImageEffects":true,"showParticleSystems":true,"showVisualEffectGraphs":true,"m_FxEnabled":true},"in2DMode":false,"pivot":{"x":68.04000091552735,"y":11.800000190734864,"z":-5.010000228881836},"rotation":{"x":0.016046753153204919,"y":0.130708709359169,"z":0.0021514466498047115,"w":-0.991319477558136},"size":3.0571951866149904,"orthographic":false}