{"cameraMode":{"drawMode":0,"name":"Shaded","section":"Shading Mode"},"sceneLighting":true,"audioPlay":false,"sceneViewState":{"m_AlwaysRefresh":false,"showFog":true,"showSkybox":true,"showFlares":true,"showImageEffects":true,"showParticleSystems":true,"showVisualEffectGraphs":true,"m_FxEnabled":true},"in2DMode":false,"pivot":{"x":-0.41471004486083987,"y":1.5134682655334473,"z":0.9258599281311035},"rotation":{"x":-0.13600961863994599,"y":0.07333759218454361,"z":-0.010115721262991429,"w":-0.987960159778595},"size":13.842039108276368,"orthographic":false}